user,f1_time_sin,f2_time_cos,f3_q60,f4_q120,f5_tables,f6_write_ratio,f7_speed_diff,f8_rows_affected
staff_02,0.8078184594430892,0.58943136715227,1,1,1,0.0,1,0.0
staff_02,0.8080327293297025,0.5891375971129256,2,2,2,0.3333333333333333,2,0.6931471805599453
staff_02,0.8081612399841408,0.588961297699005,3,3,3,0.25,3,0.6931471805599453
staff_02,0.8083753389260215,0.5886674030522158,4,4,3,0.2,4,0.6931471805599453
svc_backup,0.8084609485787256,0.5885498233991641,1,1,1,0.0,1,0.0
svc_backup,0.8085037469918761,0.5884910289036669,2,2,2,0.0,2,0.0
svc_backup,0.8085037469918761,0.5884910289036669,3,3,3,0.0,3,0.0
svc_backup,0.808546541129257,0.5884322312959368,4,4,4,0.0,4,0.0
svc_backup,0.808546541129257,0.5884322312959368,5,5,5,0.0,5,0.0
svc_backup,0.808589330990642,0.5883734305762846,6,6,6,0.0,6,0.0
staff_02,0.8086748978845195,0.588255819802458,5,5,3,0.16666666666666666,5,0.6931471805599453
svc_backup,0.8087604476716983,0.5881381965846754,7,7,6,0.0,7,0.0
svc_backup,0.8088032161497102,0.5880793803100779,8,8,6,0.0,8,0.0
svc_backup,0.8088032161497102,0.5880793803100779,9,9,6,0.0,9,0.0
svc_backup,0.8088459803503688,0.5880205609254244,10,10,6,0.0,10,0.0
svc_backup,0.8088459803503688,0.5880205609254244,11,11,6,0.0,11,0.0
svc_backup,0.8088887402734478,0.5879617384310265,12,12,6,0.0,12,0.0
svc_backup,0.8090169943749475,0.5877852522924731,13,13,6,0.0,13,0.0
svc_backup,0.8090597371854477,0.5877264173622063,14,14,6,0.0,14,0.0
svc_backup,0.8090597371854477,0.5877264173622063,15,15,6,0.0,15,0.0
svc_backup,0.809102475717238,0.5876675793237502,16,16,6,0.0,16,0.0
svc_backup,0.8091452099700926,0.5876087381774158,17,17,6,0.0,17,0.0
svc_backup,0.8091452099700926,0.5876087381774158,18,18,6,0.0,18,0.0
staff_03,0.8092733870527806,0.5874321960942559,1,1,1,0.0,1,0.0
staff_03,0.8094015256169109,0.587255626051396,2,2,2,0.0,2,0.0
staff_03,0.8094869299241204,0.587137897160473,3,3,2,0.0,3,0.0
svc_backup,0.809657687165104,0.5869024021201945,19,19,6,0.0,19,0.0
svc_backup,0.809657687165104,0.5869024021201945,20,20,6,0.0,20,0.0
svc_backup,0.8097003657712338,0.5868435205997677,21,21,6,0.0,21,0.0
svc_backup,0.8097003657712338,0.5868435205997677,22,22,6,0.0,22,0.0
svc_backup,0.809743040095266,0.5867846359758208,23,23,6,0.0,23,0.0
svc_backup,0.809743040095266,0.5867846359758208,24,24,6,0.0,24,0.0
svc_backup,0.8099563474760604,0.5864901663141842,25,25,6,0.0,25,0.0
svc_backup,0.8099563474760604,0.5864901663141842,26,26,6,0.0,26,0.0
svc_backup,0.8099989961027668,0.5864312630756566,27,27,6,0.0,27,0.0
svc_backup,0.8099989961027668,0.5864312630756566,28,28,6,0.0,28,0.0
svc_backup,0.810041640445796,0.5863723567357894,29,29,6,0.0,29,0.0
svc_backup,0.810041640445796,0.5863723567357894,30,30,6,0.0,30,0.0
svc_backup,0.8102974165341235,0.5860188535858939,31,31,6,0.0,31,0.0
svc_backup,0.8102974165341235,0.5860188535858939,32,32,6,0.0,32,0.0
svc_backup,0.8103400308850992,0.5859599255453707,33,33,6,0.0,33,0.0
svc_backup,0.8103400308850992,0.5859599255453707,34,34,6,0.0,34,0.0
svc_backup,0.8103826409505942,0.5859009944060005,35,35,6,0.0,35,0.0
svc_backup,0.8103826409505942,0.5859009944060005,36,36,6,0.0,36,0.0
staff_02,0.8106382113358518,0.5855473425114411,4,6,2,0.0,2,0.0
staff_02,0.8108510687648803,0.5852525474381561,4,7,3,0.2,1,0.6931471805599453
staff_02,0.8109787317658985,0.5850756332504156,4,8,3,0.2,0,0.6931471805599453
staff_02,0.811148889055521,0.584839704349828,5,9,3,0.16666666666666666,1,0.6931471805599453
staff_03,0.8112339419626817,0.5847217213407487,4,4,3,0.0,4,0.0
staff_03,0.8113614891462998,0.5845447236356675,5,5,3,0.0,5,0.0
staff_02,0.8114464991480063,0.5844267097082787,5,10,3,0.16666666666666666,0,0.6931471805599453
svc_backup,0.8116589490500251,0.5841316208073388,22,37,6,0.0,7,0.0
svc_backup,0.8117014261539602,0.5840725937583675,22,38,6,0.0,6,0.0
svc_backup,0.8117014261539602,0.5840725937583675,22,39,6,0.0,5,0.0
svc_backup,0.8117438989652148,0.5840135636205303,22,40,6,0.0,4,0.0
svc_backup,0.8117438989652148,0.5840135636205303,23,41,6,0.0,5,0.0
svc_backup,0.8117863674835645,0.5839545303941389,24,42,6,0.0,6,0.0
staff_02,0.811998645673876,0.5836593179448016,6,11,3,0.14285714285714285,1,0.6931471805599453
staff_02,0.8121683909309316,0.5834230924232099,7,12,3,0.125,2,0.6931471805599453
staff_02,0.812295654775434,0.5832458908838956,8,13,3,0.1111111111111111,3,0.6931471805599453
staff_03,0.812422879957529,0.5830686615841348,3,6,2,0.0,0,0.0
svc_backup,0.8126348359947814,0.5827732177508973,13,43,6,0.0,-17,0.0
svc_backup,0.8126772143102781,0.5827141197370168,14,44,6,0.0,-16,0.0
svc_backup,0.8126772143102781,0.5827141197370168,15,45,6,0.0,-15,0.0
svc_backup,0.8127195883279339,0.5826550186414544,16,46,6,0.0,-14,0.0
svc_backup,0.8127195883279339,0.5826550186414544,17,47,6,0.0,-13,0.0
svc_backup,0.8127619580475248,0.5825959144645227,18,48,6,0.0,-12,0.0
staff_03,0.8129737421666623,0.5823003473702667,4,7,2,0.0,1,0.0
staff_03,0.8131430920739529,0.5820638382621024,5,8,2,0.16666666666666666,2,0.6931471805599453
staff_02,0.813312373176369,0.5818272799020536,8,11,3,0.1111111111111111,5,0.6931471805599453
staff_02,0.813439288841365,0.5816498288225093,8,12,3,0.0,4,0.0
staff_02,0.8136507289092872,0.5813540155063742,8,12,2,0.0,4,0.0
staff_03,0.8137775413159577,0.5811764906203234,5,9,2,0.16666666666666666,1,0.6931471805599453
staff_02,0.8138620614024773,0.5810581253280177,8,12,2,0.0,4,0.0
staff_02,0.8139888092508959,0.5808805543434111,8,13,2,0.0,3,0.0
staff_03,0.8140732862929944,0.5807621583265602,5,10,2,0.16666666666666666,0,0.6931471805599453
staff_02,0.8141999695664036,0.5805845412668749,9,14,3,0.1,4,0.6931471805599453
staff_02,0.814326614086767,0.580406896573414,10,15,3,0.09090909090909091,5,0.6931471805599453
staff_03,0.814579786844247,0.5800515243189877,6,9,2,0.2857142857142857,3,1.0986122886681096
staff_02,0.8146641433025658,0.5799330423566987,10,16,3,0.09090909090909091,4,0.6931471805599453
staff_03,0.8148749590483565,0.5796367837844139,7,9,2,0.25,5,1.0986122886681096
staff_02,0.8149592551819879,0.5795182588954549,9,17,3,0.1,1,0.6931471805599453
svc_backup,0.8151699200887509,0.5792218930448845,7,19,6,0.0,-5,0.0
svc_backup,0.8151699200887509,0.5792218930448845,8,20,6,0.0,-4,0.0
svc_backup,0.8152120401379238,0.579162610683877,8,21,6,0.0,-5,0.0
svc_backup,0.8152120401379238,0.579162610683877,8,22,6,0.0,-6,0.0
svc_backup,0.8152541558758506,0.5791033252599698,8,23,6,0.0,-7,0.0
svc_backup,0.8152541558758506,0.5791033252599698,8,24,6,0.0,-8,0.0
staff_03,0.8153804772199256,0.5789254506139858,7,10,2,0.25,4,1.0986122886681096
staff_02,0.8155488453077342,0.5786882415577678,10,18,3,0.09090909090909091,2,0.6931471805599453
staff_02,0.8157592083727075,0.578391661381052,11,18,3,0.08333333333333333,4,0.6931471805599453
staff_03,0.8159274211715012,0.5781543421789925,6,11,2,0.14285714285714285,1,0.6931471805599453
staff_03,0.816053535463564,0.5779763206718921,7,12,2,0.125,2,0.6931471805599453
staff_03,0.8161796109143578,0.5777982716551578,8,13,2,0.1111111111111111,3,0.6931471805599453
staff_02,0.8162636396334408,0.5776795570317235,9,16,3,0.1,2,0.6931471805599453
staff_02,0.8163476510852932,0.5775608301880629,10,17,3,0.09090909090909091,3,0.6931471805599453
staff_02,0.8165156221801969,0.5773233398501103,10,18,3,0.09090909090909091,2,0.6931471805599453
svc_backup,0.8166835241848562,0.577085800661395,7,19,6,0.0,-5,0.0
svc_backup,0.8166835241848562,0.577085800661395,8,20,6,0.0,-4,0.0
svc_backup,0.8167254888890053,0.5770264082336398,9,21,6,0.0,-3,0.0
svc_backup,0.8167254888890053,0.5770264082336398,10,21,6,0.0,-1,0.0
svc_backup,0.8167674492739042,0.5769670127542825,11,21,6,0.0,1,0.0
svc_backup,0.8167674492739042,0.5769670127542825,12,21,6,0.0,3,0.0
svc_backup,0.81693524761656,0.5767294003271115,13,19,6,0.0,7,0.0
svc_backup,0.8169771864018798,0.5766699895944544,14,20,6,0.0,8,0.0
svc_backup,0.8169771864018798,0.5766699895944544,15,21,6,0.0,9,0.0
svc_backup,0.8170191208666183,0.5766105758120798,16,22,6,0.0,10,0.0
svc_backup,0.8170191208666183,0.5766105758120798,17,23,6,0.0,11,0.0
svc_backup,0.8170610510105538,0.5765511589803017,18,24,6,0.0,12,0.0
staff_03,0.8172706369104247,0.5762540290913624,6,12,3,0.0,0,0.0
staff_02,0.8174801147569665,0.5759568230144834,6,15,2,0.0,-3,0.0
staff_02,0.8176057495877718,0.5757784628144906,7,16,2,0.0,-2,0.0
staff_03,0.8177313455034282,0.5756000752094748,6,12,3,0.14285714285714285,0,0.6931471805599453
staff_02,0.8178987461792954,0.5753621824540927,8,17,2,0.0,-1,0.0
svc_backup,0.8180242512696935,0.5751837309370437,13,19,6,0.0,7,0.0
svc_backup,0.8180660776478837,0.5751242410138931,14,20,6,0.0,8,0.0
svc_backup,0.8180660776478837,0.5751242410138931,15,21,6,0.0,9,0.0
svc_backup,0.8181078996997341,0.5750647480491999,16,22,6,0.0,10,0.0
svc_backup,0.8181078996997341,0.5750647480491999,17,23,6,0.0,11,0.0
svc_backup,0.8181497174250234,0.5750052520432787,18,24,6,0.0,12,0.0
staff_03,0.8182333398950342,0.5748862509090102,6,11,3,0.14285714285714285,1,0.6931471805599453
staff_03,0.818400532906594,0.5746482121595812,7,12,3,0.125,2,0.6931471805599453
staff_03,0.8184841034446061,0.5745291745494562,7,13,3,0.125,1,0.6931471805599453
staff_03,0.8185676566684156,0.5744101247857483,7,14,3,0.125,0,0.6931471805599453
staff_02,0.8186511925762553,0.5742910628709758,7,16,2,0.0,-2,0.0
staff_02,0.818734711166358,0.5741719888076572,8,16,3,0.0,0,0.0
staff_03,0.8188182124369567,0.5740529025983118,7,14,3,0.125,0,0.6931471805599453
staff_03,0.8189851630125777,0.5738146937516164,8,15,3,0.1111111111111111,1,0.6931471805599453
staff_02,0.8191103304674612,0.5736360052520122,6,15,3,0.0,-3,0.0
svc_backup,0.8191937537784393,0.573516864416723,17,25,6,0.0,9,0.0
svc_backup,0.8192354589355831,0.5734572894493578,17,26,6,0.0,8,0.0
svc_backup,0.8192354589355831,0.5734572894493578,17,27,6,0.0,7,0.0
svc_backup,0.8192771597602029,0.5733977114492654,17,28,6,0.0,6,0.0
svc_backup,0.8192771597602029,0.5733977114492654,17,29,6,0.0,5,0.0
svc_backup,0.8193188562520779,0.5733381304167611,18,30,6,0.0,6,0.0
staff_03,0.8194439197290297,0.5731593691279271,9,15,3,0.1,3,0.6931471805599453
staff_03,0.8196106103598315,0.5729209783081647,10,15,3,0.09090909090909091,5,0.6931471805599453
staff_02,0.8197355828213687,0.5727421533783863,7,13,3,0.0,1,0.0
staff_03,0.8199021520766904,0.5725036777349223,10,15,3,0.09090909090909091,5,0.6931471805599453
staff_02,0.8199854106889324,0.5723844217458254,8,13,3,0.0,3,0.0
svc_backup,0.8201934813271057,0.5720862288051712,13,30,6,0.0,-4,0.0
svc_backup,0.8201934813271057,0.5720862288051712,14,30,6,0.0,-2,0.0
svc_backup,0.8202350824428485,0.5720265811393501,15,30,6,0.0,0,0.0
svc_backup,0.8202350824428485,0.5720265811393501,16,30,6,0.0,2,0.0
svc_backup,0.8202766792207806,0.5719669304483682,17,30,6,0.0,4,0.0
svc_backup,0.8202766792207806,0.5719669304483682,18,30,6,0.0,6,0.0
staff_03,0.8205261687820324,0.571608962791767,10,15,3,0.0,5,0.0
svc_backup,0.8206508549844007,0.571429938149352,13,31,6,0.0,-5,0.0
svc_backup,0.8206508549844007,0.571429938149352,14,32,6,0.0,-4,0.0
svc_backup,0.8206924083721309,0.5713702572241153,15,33,6,0.0,-3,0.0
svc_backup,0.8206924083721309,0.5713702572241153,16,34,6,0.0,-2,0.0
svc_backup,0.8207339574196318,0.5713105732771887,17,35,6,0.0,-1,0.0
svc_backup,0.8207339574196318,0.5713105732771887,18,36,6,0.0,0,0.0
staff_02,0.8209831605475204,0.5709524061578202,6,12,3,0.0,0,0.0
staff_02,0.8210661935250242,0.5708329929588228,7,13,3,0.0,1,0.0
staff_02,0.8212322073718038,0.5705941303371729,7,14,2,0.0,0,0.0
staff_02,0.8213981517292406,0.5703552194341588,7,13,3,0.0,1,0.0
staff_03,0.8214810978450672,0.5702357458834576,6,13,3,0.0,-1,0.0
staff_03,0.8216469379421637,0.569996762596303,6,14,3,0.14285714285714285,-2,0.6931471805599453
staff_02,0.8218127085148245,0.5697577310783314,7,13,3,0.0,1,0.0
staff_03,0.8220198239405443,0.5694588738870935,6,15,2,0.14285714285714285,-3,0.6931471805599453
staff_03,0.8221440410307375,0.5692795234308442,6,16,3,0.14285714285714285,-4,0.6931471805599453
staff_03,0.8223096029459537,0.5690403473417925,7,16,3,0.125,-2,0.6931471805599453
staff_02,0.822516457490744,0.5687413095220684,6,13,3,0.14285714285714285,-1,0.6931471805599453
staff_02,0.8226405180208599,0.5685618507342638,7,13,3,0.125,1,0.6931471805599453
staff_02,0.822847198557502,0.5682626926220573,8,14,3,0.1111111111111111,2,0.6931471805599453
svc_backup,0.8230537703035247,0.5679634593784647,7,23,6,0.0,-9,0.0
svc_backup,0.823095071595451,0.5679036037174613,8,23,6,0.0,-7,0.0
svc_backup,0.823095071595451,0.5679036037174613,9,23,6,0.0,-5,0.0
svc_backup,0.8231363685344418,0.5678437450531013,10,23,6,0.0,-3,0.0
svc_backup,0.8231363685344418,0.5678437450531013,10,23,6,0.0,-3,0.0
svc_backup,0.8231776611202786,0.5677838833857014,10,24,6,0.0,-4,0.0
staff_03,0.8232602332316161,0.5676641510430486,6,15,3,0.14285714285714285,-3,0.6931471805599453
staff_02,0.823425325206835,0.5674246503351947,9,14,3,0.1,4,0.6931471805599453
staff_02,0.823507845067224,0.5673048819750603,9,15,2,0.1,3,0.6931471805599453
staff_03,0.8235903475071381,0.5671851016141657,7,13,3,0.125,1,0.6931471805599453
staff_02,0.8237965273808951,0.566885598225231,8,14,2,0.1111111111111111,2,0.6931471805599453
staff_02,0.8240025983385194,0.5665860198869795,8,15,2,0.1111111111111111,1,0.6931471805599453
svc_backup,0.8240849962189486,0.5664661675747418,7,25,6,0.0,-11,0.0
svc_backup,0.8241261886220157,0.5664062369248328,8,26,6,0.0,-10,0.0
svc_backup,0.8241261886220157,0.5664062369248328,9,27,6,0.0,-9,0.0
svc_backup,0.824167376666694,0.5663463032794861,10,28,6,0.0,-8,0.0
svc_backup,0.824167376666694,0.5663463032794861,11,29,6,0.0,-7,0.0
svc_backup,0.8242085603527658,0.5662863666390188,12,29,6,0.0,-5,0.0
staff_02,0.8244144133964035,0.5659866385209671,8,15,2,0.1111111111111111,1,0.6931471805599453
staff_02,0.8245378729053715,0.565806765728977,9,16,2,0.1,2,0.6931471805599453
staff_02,0.8246612931692459,0.5656268660065814,10,17,2,0.09090909090909091,3,0.6931471805599453
staff_02,0.8247435515394315,0.5655069179012093,11,17,3,0.08333333333333333,5,0.6931471805599453
staff_03,0.8249491211321502,0.5652069953064035,3,9,2,0.0,-3,0.0
staff_03,0.8250724105366309,0.5650270058778369,4,10,3,0.0,-2,0.0
staff_03,0.8252367353207578,0.564786978140553,5,11,3,0.16666666666666666,-1,0.6931471805599453
staff_03,0.8253599330848638,0.5646069259743005,6,12,3,0.14285714285714285,0,0.6931471805599453
staff_03,0.8254830915647491,0.5644268469347504,7,13,3,0.125,1,0.6931471805599453
staff_03,0.8256472417523435,0.564186699760591,8,13,3,0.1111111111111111,3,0.6931471805599453
staff_02,0.8257292906484117,0.5640666082700435,9,17,2,0.1,1,0.6931471805599453
staff_02,0.8258113220770128,0.5639465048472383,10,18,2,0.09090909090909091,2,0.6931471805599453
staff_03,0.8258933360364116,0.5638263894947158,8,14,3,0.1111111111111111,2,0.6931471805599453
staff_02,0.8259753325248732,0.5637062622150166,10,18,3,0.09090909090909091,2,0.6931471805599453
staff_02,0.8261802472992944,0.5634058918510497,10,18,3,0.09090909090909091,2,0.6931471805599453
staff_02,0.8263850528424256,0.563105446997826,10,17,3,0.09090909090909091,3,0.6931471805599453
staff_03,0.8265897491271886,0.5628049276950686,8,14,3,0.1111111111111111,2,0.6931471805599453
staff_03,0.8267125144427709,0.5626245803941659,9,14,3,0.1,4,0.6931471805599453
svc_backup,0.8268761403202729,0.5623840756716431,1,13,1,0.0,-11,0.0
svc_backup,0.8268761403202729,0.5623840756716431,2,14,2,0.0,-10,0.0
svc_backup,0.8269170358578595,0.5623239420548013,3,15,3,0.0,-9,0.0
svc_backup,0.8269170358578595,0.5623239420548013,4,16,4,0.0,-8,0.0
svc_backup,0.8269579270222979,0.5622638054641111,5,17,5,0.0,-7,0.0
svc_backup,0.8269579270222979,0.5622638054641111,6,18,6,0.0,-6,0.0
svc_backup,0.8272031821607086,0.5619029234869645,7,19,6,0.0,-5,0.0
svc_backup,0.8272031821607086,0.5619029234869645,8,20,6,0.0,-4,0.0
svc_backup,0.8272440427070561,0.5618427660882414,9,21,6,0.0,-3,0.0
svc_backup,0.8272440427070561,0.5618427660882414,10,22,6,0.0,-2,0.0
svc_backup,0.8272848988785262,0.5617826057182144,11,23,6,0.0,-1,0.0
svc_backup,0.8272848988785262,0.5617826057182144,12,24,6,0.0,0,0.0
staff_03,0.82744827981131,0.5615419345314329,9,12,3,0.1,6,0.6931471805599453
staff_03,0.8276115907287721,0.5613012158292474,9,13,3,0.1,5,0.6931471805599453
staff_02,0.8276932199274388,0.5611808386662435,6,15,3,0.2857142857142857,-3,1.0986122886681096
svc_backup,0.8278564257960102,0.5609400487291446,13,25,6,0.0,1,0.0
svc_backup,0.827897216318402,0.5608798438277499,14,26,6,0.0,2,0.0
svc_backup,0.827897216318402,0.5608798438277499,15,27,6,0.0,3,0.0
svc_backup,0.8279380024624621,0.5608196359601437,16,28,6,0.0,4,0.0
svc_backup,0.8279380024624621,0.5608196359601437,17,29,6,0.0,5,0.0
svc_backup,0.8279787842279746,0.5607594251266448,18,30,6,0.0,6,0.0
staff_03,0.8280603346224944,0.5606389945632417,7,14,3,0.125,0,0.6931471805599453
svc_backup,0.8282641339691177,0.5603378662739003,19,25,6,0.0,13,0.0
svc_backup,0.8283048806984876,0.5602776317247229,20,26,6,0.0,14,0.0
svc_backup,0.8283048806984876,0.5602776317247229,21,27,6,0.0,15,0.0
svc_backup,0.8283456230473698,0.5602173942125188,22,28,6,0.0,16,0.0
svc_backup,0.8283456230473698,0.5602173942125188,23,29,6,0.0,17,0.0
svc_backup,0.8283863610155487,0.5601571537376068,24,30,6,0.0,18,0.0
staff_03,0.8285492690769236,0.5599161622172516,6,13,3,0.14285714285714285,-1,0.6931471805599453
staff_02,0.8286714041150165,0.5597353874841638,3,13,2,0.5,-7,1.0986122886681096
staff_03,0.8288341894775036,0.5594943130659771,7,14,3,0.125,0,0.6931471805599453
staff_03,0.828996904707399,0.559253191305648,8,15,3,0.1111111111111111,1,0.6931471805599453
staff_02,0.8292002000998363,0.5589517225614314,3,12,2,0.5,-6,1.0986122886681096
staff_02,0.8293627574810687,0.5587104943558855,4,12,2,0.4,-4,1.0986122886681096
staff_02,0.8295252446849841,0.5584692188745206,5,12,2,0.3333333333333333,-2,1.0986122886681096
staff_02,0.829728254982081,0.5581675580722967,6,11,3,0.2857142857142857,1,1.0986122886681096
staff_02,0.8299311555787972,0.557865823473389,7,12,3,0.25,2,1.0986122886681096
staff_02,0.8300933970538682,0.5576243826874584,8,13,3,0.3333333333333333,3,1.3862943611198906
staff_02,0.8301744914525838,0.5575036445992473,8,14,3,0.3333333333333333,2,1.3862943611198906
staff_02,0.8303366275637976,0.5572621330451041,9,15,3,0.3,3,1.3862943611198906
staff_03,0.8304986934152891,0.5570205743376968,4,11,3,0.0,-3,0.0
svc_backup,0.8306606889933454,0.5567789684974644,7,25,6,0.0,-11,0.0
svc_backup,0.8307011769060288,0.5567185596752983,8,26,6,0.0,-10,0.0
svc_backup,0.8307011769060288,0.5567185596752983,8,27,6,0.0,-11,0.0
svc_backup,0.8307416604255515,0.5566581479089276,8,28,6,0.0,-12,0.0
svc_backup,0.8307821395516998,0.5565977331986721,8,29,6,0.0,-13,0.0
svc_backup,0.8307821395516998,0.5565977331986721,8,30,6,0.0,-14,0.0
staff_03,0.8310249220357336,0.5562351831334501,4,10,3,0.0,-2,0.0
staff_03,0.831227119915392,0.5559329771808492,5,11,3,0.0,-1,0.0
staff_03,0.8313483858935935,0.5557516183261338,5,12,3,0.0,-2,0.0
staff_02,0.8314292078965008,0.5556306977270039,9,11,3,0.2,7,1.0986122886681096
staff_02,0.831590799136477,0.5553888212698879,10,12,3,0.18181818181818182,8,1.0986122886681096
staff_03,0.831711946389621,0.5552073830856252,5,11,3,0.0,-1,0.0
staff_02,0.831833054056211,0.5550259184754499,9,13,2,0.2,5,1.0986122886681096
svc_backup,0.8319137705052275,0.5549049273918691,7,25,6,0.0,-11,0.0
svc_backup,0.8319137705052275,0.5549049273918691,8,26,6,0.0,-10,0.0
svc_backup,0.8319541221304826,0.5548444274479992,9,27,6,0.0,-9,0.0
svc_backup,0.8319541221304826,0.5548444274479992,10,28,6,0.0,-8,0.0
svc_backup,0.8319944693559508,0.5547839245698364,11,29,6,0.0,-7,0.0
svc_backup,0.8319944693559508,0.5547839245698364,12,30,6,0.0,-6,0.0
staff_02,0.832115484631501,0.5546023983327897,9,14,3,0.2,4,1.0986122886681096
staff_03,0.8322767767222777,0.5543603222893716,6,12,3,0.0,0,0.0
staff_03,0.8324782928005552,0.5540576612735114,7,12,3,0.0,2,0.0
staff_02,0.8325991496185204,0.553876029499848,7,14,3,0.125,0,0.6931471805599453
staff_03,0.8328004895816634,0.5535732512979123,8,12,3,0.0,4,0.0
staff_03,0.8328809947385717,0.5534521195219034,9,13,3,0.0,5,0.0
svc_backup,0.8329614822767258,0.5533309760381754,13,19,6,0.0,7,0.0
svc_backup,0.8329614822767258,0.5533309760381754,14,20,6,0.0,8,0.0
svc_backup,0.833001719438238,0.5532703999067174,15,21,6,0.0,9,0.0
svc_backup,0.833001719438238,0.5532703999067174,16,22,6,0.0,10,0.0
svc_backup,0.8330419521944232,0.5532098208492907,17,23,6,0.0,11,0.0
svc_backup,0.8330821805450688,0.5531492388662155,18,24,6,0.0,12,0.0
staff_02,0.8332832562077543,0.5528462850773279,6,15,3,0.14285714285714285,-3,0.6931471805599453
staff_03,0.833444037416493,0.5526038694172304,8,12,3,0.0,4,0.0
staff_02,0.8336449147533344,0.5523007840895267,7,15,3,0.125,-1,0.6931471805599453
staff_03,0.8337653882523965,0.5521188978402483,7,12,3,0.0,2,0.0
staff_03,0.8339259578523699,0.5518763419643999,8,12,3,0.0,4,0.0
svc_backup,0.8340463387458376,0.5516943944111301,13,19,6,0.0,7,0.0
svc_backup,0.8340864568889067,0.5516337393910111,14,20,6,0.0,8,0.0
svc_backup,0.8340864568889067,0.5516337393910111,15,21,6,0.0,9,0.0
svc_backup,0.8341265706209122,0.5515730814535789,16,22,6,0.0,10,0.0
svc_backup,0.8341265706209122,0.5515730814535789,17,23,6,0.0,11,0.0
svc_backup,0.8341666799416421,0.5515124205991538,18,24,6,0.0,12,0.0
staff_02,0.834286981434056,0.5513304205371322,5,14,3,0.16666666666666666,-4,0.6931471805599453
staff_03,0.8344873956761043,0.5510270287905239,8,13,3,0.0,3,0.0
staff_03,0.8345675304821194,0.5509056516909014,9,14,3,0.0,4,0.0
staff_02,0.834767790255314,0.5506021579618627,5,13,3,0.3333333333333333,-3,1.0986122886681096
staff_03,0.8348878931449232,0.5504200267795779,8,15,3,0.1111111111111111,1,0.6931471805599453
svc_backup,0.8349679396618387,0.5502985914363802,13,25,6,0.0,1,0.0
svc_backup,0.8350079562968143,0.5502378693992421,14,26,6,0.0,2,0.0
svc_backup,0.8350079562968143,0.5502378693992421,15,27,6,0.0,3,0.0
svc_backup,0.835047968515853,0.5501771444521729,16,28,6,0.0,4,0.0
svc_backup,0.835047968515853,0.5501771444521729,17,29,6,0.0,5,0.0
svc_backup,0.835087976318743,0.5501164165954935,18,30,6,0.0,6,0.0
svc_backup,0.8351679786752312,0.5499949521545889,19,31,6,0.0,7,0.0
svc_backup,0.8352079732284062,0.5499342155710062,20,32,6,0.0,8,0.0
svc_backup,0.8352079732284062,0.5499342155710062,21,33,6,0.0,9,0.0
svc_backup,0.8352479633645865,0.5498734760790981,22,34,6,0.0,10,0.0
svc_backup,0.8352479633645865,0.5498734760790981,23,35,6,0.0,11,0.0
svc_backup,0.8352879490835604,0.5498127336791858,24,36,6,0.0,12,0.0
staff_02,0.835527770624233,0.5494482182296154,5,10,3,0.3333333333333333,0,1.0986122886681096
staff_03,0.8356875632804467,0.5492051498105144,7,15,3,0.25,-1,1.0986122886681096
staff_03,0.835767433092212,0.54908359817286,8,16,3,0.2222222222222222,0,1.0986122886681096
staff_02,0.8359670302687454,0.548779668267379,5,11,3,0.16666666666666666,-1,0.6931471805599453
staff_03,0.836086735524246,0.5485972754948839,8,15,3,0.2222222222222222,1,1.0986122886681096
staff_03,0.8362462806276065,0.5483540445154884,8,15,3,0.2222222222222222,1,1.0986122886681096
staff_02,0.8363658930197642,0.5481715908301454,5,11,2,0.3333333333333333,-1,1.0986122886681096
staff_03,0.8364456124992953,0.5480499405443621,8,16,3,0.2222222222222222,0,1.0986122886681096
svc_backup,0.8365253142846665,0.547928278665137,15,31,6,0.0,-1,0.0
svc_backup,0.8365253142846665,0.547928278665137,15,32,6,0.0,-2,0.0
svc_backup,0.836565158541515,0.5478674433787882,15,33,6,0.0,-3,0.0
svc_backup,0.836565158541515,0.5478674433787882,16,34,6,0.0,-2,0.0
svc_backup,0.8366049983741916,0.5478066051950442,17,35,6,0.0,-1,0.0
svc_backup,0.8366049983741916,0.5478066051950442,18,36,6,0.0,0,0.0
staff_02,0.8368041311676171,0.5475023708266563,5,10,3,0.3333333333333333,0,1.0986122886681096
staff_03,0.836923557740125,0.5473197954574746,8,16,3,0.2222222222222222,0,1.0986122886681096
staff_03,0.8370429444780245,0.5471371940378015,8,17,3,0.2222222222222222,-1,1.0986122886681096
staff_02,0.83712251350348,0.5470154452898163,6,10,3,0.2857142857142857,2,1.0986122886681096
staff_02,0.8373213585888413,0.5467110227999222,6,11,3,0.2857142857142857,1,1.0986122886681096
staff_02,0.8375200929699192,0.5464065280280405,7,11,3,0.25,3,1.0986122886681096
svc_backup,0.837639280449579,0.5462237964863043,10,31,6,0.0,-11,0.0
svc_backup,0.837639280449579,0.5462237964863043,10,32,6,0.0,-12,0.0
svc_backup,0.8376790007500403,0.5461628801945569,10,33,6,0.0,-13,0.0
svc_backup,0.8376790007500403,0.5461628801945569,10,34,6,0.0,-14,0.0
svc_backup,0.8377187166204387,0.5461019610144291,11,35,6,0.0,-13,0.0
svc_backup,0.8377584280605643,0.5460410389462428,12,36,6,0.0,-12,0.0
svc_backup,0.8378775357972046,0.5458582554165543,13,31,6,0.0,-5,0.0
svc_backup,0.8379172295141392,0.5457973217993558,14,32,6,0.0,-4,0.0
svc_backup,0.8379172295141392,0.5457973217993558,15,33,6,0.0,-3,0.0
svc_backup,0.837956918799751,0.54573638529571,16,34,6,0.0,-2,0.0
svc_backup,0.837956918799751,0.54573638529571,17,35,6,0.0,-1,0.0
svc_backup,0.8379966036538303,0.5456754459059389,18,36,6,0.0,0,0.0
svc_backup,0.8381949614438942,0.5453707056764865,19,37,6,0.0,1,0.0
svc_backup,0.8382346197043717,0.5453097489767328,20,38,6,0.0,2,0.0
svc_backup,0.8382346197043717,0.5453097489767328,21,39,6,0.0,3,0.0
svc_backup,0.8382742735318481,0.5452487893931103,22,40,6,0.0,4,0.0
svc_backup,0.8382742735318481,0.5452487893931103,23,41,6,0.0,5,0.0
svc_backup,0.8383139229261137,0.545187826925941,24,42,6,0.0,6,0.0
staff_03,0.8384724761668738,0.5449439482282479,5,13,1,0.0,-3,0.0
staff_03,0.8385913445384574,0.5447610089435386,6,13,1,0.0,-1,0.0
svc_backup,0.8386705679454239,0.5446390350150272,25,43,6,0.0,7,0.0
svc_backup,0.8387101729960519,0.5445780437301275,26,44,6,0.0,8,0.0
svc_backup,0.8387101729960519,0.5445780437301275,27,45,6,0.0,9,0.0
svc_backup,0.8387497736111639,0.5445170495652284,28,46,6,0.0,10,0.0
svc_backup,0.8387497736111639,0.5445170495652284,29,47,6,0.0,11,0.0
svc_backup,0.8387893697905502,0.5444560525206525,30,48,6,0.0,12,0.0
staff_03,0.8389477101466521,0.5442120355520346,5,13,2,0.0,-3,0.0
staff_03,0.8391455357628331,0.5439069495872503,6,14,3,0.0,-2,0.0
staff_03,0.8392246349460404,0.5437848950639262,7,15,3,0.0,-1,0.0
staff_02,0.8394223052312542,0.5434797084346823,4,9,1,0.2,-1,0.6931471805599453
svc_backup,0.8396198645344132,0.5431744499506707,25,43,6,0.0,7,0.0
svc_backup,0.8396593630748996,0.5431133896348477,26,44,6,0.0,8,0.0
svc_backup,0.8396593630748996,0.5431133896348477,27,45,6,0.0,9,0.0
svc_backup,0.8396988571748502,0.5430523264467713,28,46,6,0.0,10,0.0
svc_backup,0.8397383468340559,0.5429912603867643,29,47,6,0.0,11,0.0
svc_backup,0.8397383468340559,0.5429912603867643,30,48,6,0.0,12,0.0
staff_02,0.8399751915219568,0.5426248037342672,2,9,2,0.0,-5,0.0
svc_backup,0.8401329991392175,0.5423804419015712,25,37,6,0.0,13,0.0
svc_backup,0.8401329991392175,0.5423804419015712,26,38,6,0.0,14,0.0
svc_backup,0.8401724399364524,0.5423193442716462,27,39,6,0.0,15,0.0
svc_backup,0.8401724399364524,0.5423193442716462,28,40,6,0.0,16,0.0
svc_backup,0.8402118762904379,0.5422582437736673,29,41,6,0.0,17,0.0
svc_backup,0.8402118762904379,0.5422582437736673,30,42,6,0.0,18,0.0
staff_02,0.840448401094438,0.5418915805747517,3,9,2,0.0,-3,0.0
staff_03,0.8406453828701931,0.5415859490967491,6,11,3,0.0,1,0.0
staff_03,0.8407635185883072,0.5414025358372541,7,12,3,0.0,2,0.0
svc_backup,0.8409603225215504,0.5410967898116288,19,43,6,0.0,-5,0.0
svc_backup,0.8409603225215504,0.5410967898116288,20,44,6,0.0,-4,0.0
svc_backup,0.8409996699667835,0.5410356320204439,21,45,6,0.0,-3,0.0
svc_backup,0.8409996699667835,0.5410356320204439,22,46,6,0.0,-2,0.0
svc_backup,0.8410390129643924,0.540974471367994,23,47,6,0.0,-1,0.0
svc_backup,0.8410390129643924,0.540974471367994,23,48,6,0.0,-2,0.0
staff_02,0.841157015269394,0.5407909722462871,4,8,2,0.0,0,0.0
svc_backup,0.8413142893967052,0.5405462667125888,19,46,6,0.0,-8,0.0
svc_backup,0.8413142893967052,0.5405462667125888,20,46,6,0.0,-6,0.0
svc_backup,0.8413535968058327,0.5404850831816622,21,46,6,0.0,-4,0.0
svc_backup,0.8413535968058327,0.5404850831816622,22,46,6,0.0,-2,0.0
svc_backup,0.8413928997654644,0.540423896792382,23,47,6,0.0,-1,0.0
svc_backup,0.8413928997654644,0.540423896792382,24,48,6,0.0,0,0.0
staff_03,0.8415893478139113,0.5401179219820016,4,10,2,0.0,-2,0.0
staff_02,0.8417464261405483,0.539873090716341,5,8,2,0.0,2,0.0
staff_02,0.8418249385952574,0.5397506579515129,5,9,3,0.0,1,0.0
staff_03,0.8420211418185986,0.5394445260918898,4,9,2,0.0,-1,0.0
staff_02,0.8422172337162864,0.5391383229110004,6,8,3,0.14285714285714285,4,0.6931471805599453
staff_03,0.8424132142623956,0.5388320484493282,5,10,2,0.0,0,0.0
staff_03,0.8424915752965926,0.5387095187151104,6,11,2,0.0,1,0.0
staff_02,0.8425699185087333,0.5385869775850384,6,8,3,0.14285714285714285,4,0.6931471805599453
staff_03,0.8427656985567143,0.538280574920007,7,12,2,0.0,2,0.0
staff_02,0.8429222423709944,0.5380354015455252,6,9,3,0.14285714285714285,3,0.6931471805599453
svc_backup,0.8430004875322124,0.5379127977845966,13,33,6,0.0,-7,0.0
svc_backup,0.8430396034256166,0.537851491636845,14,33,6,0.0,-5,0.0
svc_backup,0.8430396034256166,0.537851491636845,15,33,6,0.0,-3,0.0
svc_backup,0.8430787148606087,0.5377901826446673,16,34,6,0.0,-2,0.0
svc_backup,0.8430787148606087,0.5377901826446673,17,35,6,0.0,-1,0.0
svc_backup,0.8431178218369816,0.5377288708083878,18,36,6,0.0,0,0.0
staff_03,0.843235116012317,0.5375449182381824,6,12,2,0.0,0,0.0
staff_02,0.843430517112862,0.537238273769405,7,10,3,0.125,4,0.6931471805599453
svc_backup,0.8435867577059045,0.5369929070511449,13,31,6,0.0,-5,0.0
svc_backup,0.8436258067014166,0.5369315582710555,14,32,6,0.0,-4,0.0
svc_backup,0.8436258067014166,0.5369315582710555,15,33,6,0.0,-3,0.0
svc_backup,0.8436648512354163,0.5368702066514054,16,34,6,0.0,-2,0.0
svc_backup,0.8436648512354163,0.5368702066514054,16,35,6,0.0,-3,0.0
svc_backup,0.8437038913076973,0.5368088521925186,15,36,6,0.0,-6,0.0
staff_02,0.8438600069755025,0.5365634059710978,7,11,3,0.125,3,0.6931471805599453
staff_03,0.8439380380337247,0.5364406658334055,6,9,2,0.0,3,0.0
staff_02,0.844016051239292,0.5363179143478546,8,12,3,0.1111111111111111,4,0.6931471805599453
staff_02,0.8440940465905544,0.5361951515170413,8,13,3,0.1111111111111111,3,0.6931471805599453
staff_02,0.8442889568452999,0.5358881948215274,8,13,2,0.2222222222222222,3,1.0986122886681096
svc_backup,0.8444058494195623,0.5357039867931052,13,33,6,0.0,-7,0.0
svc_backup,0.8444448046799826,0.5356425784503936,14,33,6,0.0,-5,0.0
svc_backup,0.8444448046799826,0.5356425784503936,15,33,6,0.0,-3,0.0
svc_backup,0.844483755474559,0.5355811672749381,16,34,6,0.0,-2,0.0
svc_backup,0.844483755474559,0.5355811672749381,17,35,6,0.0,-1,0.0
svc_backup,0.8445227018030856,0.5355197532670634,18,36,6,0.0,0,0.0
staff_03,0.8446395139903083,0.5353354942521706,6,10,3,0.0,2,0.0
staff_03,0.8448341116287995,0.5350283392759464,6,11,3,0.0,1,0.0
svc_backup,0.8449897093185819,0.5347825643620953,19,31,6,0.0,7,0.0
svc_backup,0.8449897093185819,0.5347825643620953,20,32,6,0.0,8,0.0
svc_backup,0.845028597569728,0.5347211135623303,21,33,6,0.0,9,0.0
svc_backup,0.845028597569728,0.5347211135623303,22,34,6,0.0,10,0.0
svc_backup,0.8450674813519433,0.5346596599346943,23,35,6,0.0,11,0.0
svc_backup,0.8450674813519433,0.5346596599346943,24,36,6,0.0,12,0.0
staff_02,0.8452229717873806,0.5344138171519417,7,12,2,0.25,2,1.0986122886681096
staff_02,0.8453395426801082,0.5342294053881587,7,13,2,0.25,1,1.0986122886681096
staff_02,0.8454949079480627,0.5339834834841777,8,14,2,0.2222222222222222,2,1.0986122886681096
staff_02,0.8456502016736626,0.5337375163966778,9,15,2,0.2,3,1.0986122886681096
staff_03,0.8457666250102878,0.5335530114418878,4,10,3,0.0,-2,0.0
staff_02,0.8458442182042091,0.5334299940296855,9,16,2,0.2,2,1.0986122886681096
svc_backup,0.8459993509114769,0.533183925355369,15,31,6,0.0,-1,0.0
svc_backup,0.8459993509114769,0.533183925355369,15,31,6,0.0,-1,0.0
svc_backup,0.8460381229036443,0.5331224011366228,15,30,6,0.0,0,0.0
svc_backup,0.8460381229036443,0.5331224011366228,16,30,6,0.0,2,0.0
svc_backup,0.8460768904215417,0.5330608740984604,17,30,6,0.0,4,0.0
svc_backup,0.8460768904215417,0.5330608740984604,18,31,6,0.0,5,0.0
staff_02,0.846193166127564,0.53287627607073,10,16,2,0.18181818181818182,4,1.0986122886681096
staff_03,0.8462706608898042,0.532753196627795,5,11,3,0.16666666666666666,-1,0.6931471805599453
staff_02,0.8464255967066491,0.5325070039349652,9,16,3,0.2,2,1.0986122886681096
staff_03,0.8465804609023885,0.5322607661835499,5,11,3,0.16666666666666666,-1,0.6931471805599453
svc_backup,0.8467739404099207,0.5319529056623867,17,31,6,0.0,3,0.0
svc_backup,0.8467739404099207,0.5319529056623867,17,32,6,0.0,2,0.0
svc_backup,0.8468126228777616,0.5318913251171578,17,33,6,0.0,1,0.0
svc_backup,0.8468126228777616,0.5318913251171578,17,34,6,0.0,0,0.0
svc_backup,0.8468513008672366,0.531829741759023,17,35,6,0.0,-1,0.0
svc_backup,0.8468899743781412,0.5317681555883085,18,36,6,0.0,0,0.0
staff_02,0.8470446236319646,0.5315217827861651,8,15,3,0.1111111111111111,1,0.6931471805599453
staff_02,0.8472378344068728,0.531213753539526,9,15,3,0.1,3,0.6931471805599453
staff_02,0.8474309331664164,0.5309056540598308,10,16,3,0.09090909090909091,4,0.6931471805599453
staff_03,0.8475467386441463,0.530720760677092,4,8,3,0.4,0,1.0986122886681096
staff_02,0.8477396581260102,0.5304125489092387,9,16,3,0.1,2,0.6931471805599453
staff_02,0.8479324655261619,0.5301042670142586,9,17,3,0.1,1,0.6931471805599453
svc_backup,0.84812516081911,0.5297959150329103,13,31,6,0.0,-5,0.0
svc_backup,0.848163686422593,0.529734236229864,14,32,6,0.0,-4,0.0
svc_backup,0.848163686422593,0.529734236229864,15,33,6,0.0,-3,0.0
svc_backup,0.848202207540565,0.5296725546253198,16,34,6,0.0,-2,0.0
svc_backup,0.848202207540565,0.5296725546253198,17,35,6,0.0,-1,0.0
svc_backup,0.8482407241728221,0.529610870219604,18,36,6,0.0,0,0.0
svc_backup,0.8483562471532688,0.5294258001986887,16,31,6,0.0,1,0.0
svc_backup,0.8483947458406307,0.5293641045915484,16,32,6,0.0,0,0.0
svc_backup,0.8483947458406307,0.5293641045915484,16,33,6,0.0,-1,0.0
svc_backup,0.8484332400412593,0.5293024061848679,16,34,6,0.0,-2,0.0
svc_backup,0.8484332400412593,0.5293024061848679,17,35,6,0.0,-1,0.0
svc_backup,0.8484717297549514,0.5292407049789732,18,36,6,0.0,0,0.0
staff_03,0.8485871719723735,0.5290555845692674,3,7,2,0.25,-1,0.6931471805599453
staff_03,0.8487410320994786,0.5288087181871266,4,8,2,0.2,0,0.6931471805599453
staff_03,0.8488948204095553,0.5285618070593341,4,9,2,0.2,-1,0.6931471805599453
staff_03,0.8489716876291414,0.5284383347223471,5,10,2,0.3333333333333333,0,1.0986122886681096
staff_02,0.8490869547846317,0.5282531052578496,6,13,2,0.14285714285714285,-1,0.6931471805599453
staff_02,0.8491637771033288,0.5281296049793158,7,14,3,0.125,0,0.6931471805599453
staff_03,0.849394136273722,0.5277590371218837,6,10,2,0.2857142857142857,2,1.0986122886681096
staff_03,0.8495092552194133,0.5275737155095558,7,10,2,0.375,4,1.3862943611198906
svc_backup,0.8497010302736535,0.5272647903585936,13,27,6,0.0,-1,0.0
svc_backup,0.8497010302736535,0.5272647903585936,14,27,6,0.0,1,0.0
svc_backup,0.8497393718043891,0.5272029969617796,15,27,6,0.0,3,0.0
svc_backup,0.8497393718043891,0.5272029969617796,16,28,6,0.0,4,0.0
svc_backup,0.8497777088412807,0.5271412007768541,17,29,6,0.0,5,0.0
svc_backup,0.8497777088412807,0.5271412007768541,18,30,6,0.0,6,0.0
staff_03,0.849892692986864,0.5269557954966775,7,11,3,0.25,3,1.0986122886681096
staff_02,0.849969326610983,0.5268321780419948,5,14,3,0.16666666666666666,-4,0.6931471805599453
svc_backup,0.8500842433337045,0.5266467309646602,19,31,6,0.0,7,0.0
svc_backup,0.8500842433337045,0.5266467309646602,20,32,6,0.0,8,0.0
svc_backup,0.8501225399168792,0.5265849097014403,21,33,6,0.0,9,0.0
svc_backup,0.8501225399168792,0.5265849097014403,22,34,6,0.0,10,0.0
svc_backup,0.8501608320041836,0.5265230856533779,23,35,6,0.0,11,0.0
svc_backup,0.8501608320041836,0.5265230856533779,24,36,6,0.0,12,0.0
staff_02,0.8503904901033931,0.5261520829016179,4,12,2,0.0,-4,0.0
staff_03,0.8505435055598164,0.5259046920783447,8,11,3,0.2222222222222222,5,1.0986122886681096
staff_03,0.8506964490466934,0.5256572567551471,9,12,3,0.2,6,1.0986122886681096
svc_backup,0.8508875271784005,0.5253479000550271,13,31,6,0.0,-5,0.0
svc_backup,0.8508875271784005,0.5253479000550271,14,32,6,0.0,-4,0.0
svc_backup,0.8509257293058021,0.5252860203787921,15,33,6,0.0,-3,0.0
svc_backup,0.8509257293058021,0.5252860203787921,16,34,6,0.0,-2,0.0
svc_backup,0.8509639269330856,0.5252241379245837,17,35,6,0.0,-1,0.0
svc_backup,0.8509639269330856,0.5252241379245837,18,36,6,0.0,0,0.0
staff_02,0.8510784928122082,0.5250384738973899,5,10,2,0.0,0,0.0
staff_03,0.8511548475606634,0.5249146839953936,8,12,3,0.2222222222222222,4,1.0986122886681096
staff_03,0.8512311843037996,0.5247908829893587,8,12,3,0.2222222222222222,4,1.0986122886681096
svc_backup,0.8513456556549985,0.5246051606659627,19,37,6,0.0,1,0.0
svc_backup,0.8513456556549985,0.5246051606659627,20,38,6,0.0,2,0.0
svc_backup,0.8513838037676562,0.5245432476756489,21,38,6,0.0,4,0.0
svc_backup,0.8513838037676562,0.5245432476756489,22,38,6,0.0,6,0.0
svc_backup,0.8514219473777733,0.5244813319112894,23,38,6,0.0,8,0.0
svc_backup,0.8514600864851481,0.5244194133732122,24,38,6,0.0,10,0.0
staff_02,0.8515363511908641,0.5242955679772139,4,11,2,0.0,-3,0.0
staff_02,0.8517269341430476,0.5239859059700793,5,11,2,0.0,-1,0.0
staff_02,0.8518031357948453,0.5238620217672477,6,12,2,0.0,0,0.0
staff_02,0.8518793194276102,0.5237381264826455,7,12,2,0.0,2,0.0
svc_backup,0.8520696996656787,0.5234283398055938,19,37,6,0.0,1,0.0
svc_backup,0.8521077621955938,0.5233663741644253,20,38,6,0.0,2,0.0
svc_backup,0.8521077621955938,0.5233663741644253,21,39,6,0.0,3,0.0
svc_backup,0.8521458202191398,0.5233044057554355,22,40,6,0.0,4,0.0
svc_backup,0.8521458202191398,0.5233044057554355,23,41,6,0.0,5,0.0
svc_backup,0.8521838737361153,0.5232424345789519,24,42,6,0.0,6,0.0
staff_03,0.8523360427342876,0.5229945222046352,5,12,3,0.0,-2,0.0
staff_03,0.8524881396112366,0.5227465655766405,6,13,3,0.0,-1,0.0
svc_backup,0.8526401643540922,0.5224985647159489,19,43,6,0.0,-5,0.0
svc_backup,0.8526781592673464,0.5224365575918762,20,44,6,0.0,-4,0.0
svc_backup,0.8526781592673464,0.5224365575918762,21,45,6,0.0,-3,0.0
svc_backup,0.852716149671215,0.5223745477048993,22,46,6,0.0,-2,0.0
svc_backup,0.852716149671215,0.5223745477048993,23,46,6,0.0,0,0.0
svc_backup,0.8527541355654967,0.5223125350553465,24,46,6,0.0,2,0.0
staff_03,0.8528680661888132,0.5221264805345102,6,14,3,0.0,-2,0.0
staff_02,0.8530578603505287,0.5218163344455384,6,10,2,0.0,2,0.0
staff_03,0.8532475417273996,0.5215061193659662,6,14,3,0.0,-2,0.0
svc_backup,0.8533992056069555,0.5212578976566372,19,37,6,0.0,1,0.0
svc_backup,0.8534371102943481,0.5211958353368077,20,38,6,0.0,2,0.0
svc_backup,0.8534750104683413,0.5211337702606353,21,39,6,0.0,3,0.0
svc_backup,0.8534750104683413,0.5211337702606353,22,40,6,0.0,4,0.0
svc_backup,0.8535129061287345,0.5210717024284489,23,41,6,0.0,5,0.0
svc_backup,0.8535129061287345,0.5210717024284489,24,42,6,0.0,6,0.0
staff_02,0.8536265660263106,0.5208854823990862,6,11,3,0.0,1,0.0
svc_backup,0.8537401852942741,0.5206992375774123,20,43,6,0.0,-3,0.0
svc_backup,0.8537401852942741,0.5206992375774123,20,44,6,0.0,-4,0.0
svc_backup,0.8537780493538578,0.5206371504623173,21,45,6,0.0,-3,0.0
svc_backup,0.8537780493538578,0.5206371504623173,22,46,6,0.0,-2,0.0
svc_backup,0.8538159088982388,0.5205750605938344,23,47,6,0.0,-1,0.0
svc_backup,0.8538159088982388,0.5205750605938344,24,48,6,0.0,0,0.0
svc_backup,0.8540051388850991,0.5202645699620939,25,49,6,0.0,1,0.0
svc_backup,0.8540051388850991,0.5202645699620939,26,50,6,0.0,2,0.0
svc_backup,0.8540429713340612,0.5202024635801795,27,51,6,0.0,3,0.0
svc_backup,0.8540429713340612,0.5202024635801795,28,52,6,0.0,4,0.0
svc_backup,0.8540807992664196,0.5201403544471761,29,53,6,0.0,5,0.0
svc_backup,0.8540807992664196,0.5201403544471761,30,54,6,0.0,6,0.0
staff_02,0.8541942559618732,0.5199540105449154,3,10,2,0.0,-4,0.0
staff_03,0.854383260103557,0.5196433823833587,5,10,3,0.0,0,0.0
staff_02,0.8544966083693282,0.5194569725062077,4,11,2,0.0,-3,0.0
staff_03,0.8546854317628978,0.5191462344390729,5,10,2,0.0,0,0.0
staff_03,0.854874142156438,0.5188354277343581,5,11,3,0.0,-1,0.0
staff_03,0.8549873141421681,0.5186489107825848,6,12,3,0.0,0,0.0
staff_03,0.8551381468198427,0.5184001831148646,7,12,3,0.0,2,0.0
staff_03,0.8552889071391914,0.5181514115822206,7,12,3,0.0,2,0.0
staff_02,0.8554772557650475,0.5178403855134355,4,10,2,0.0,-2,0.0
staff_02,0.8556278532315298,0.5175915153616834,5,11,2,0.0,-1,0.0
staff_03,0.8558159982509732,0.5172803660856365,7,11,2,0.0,3,0.0
svc_backup,0.8559664328000782,0.5170313974213842,13,33,6,0.0,-7,0.0
svc_backup,0.8559664328000782,0.5170313974213842,14,33,6,0.0,-5,0.0
svc_backup,0.8560040301209121,0.5169691484187008,14,33,6,0.0,-5,0.0
svc_backup,0.8560040301209121,0.5169691484187008,14,34,6,0.0,-6,0.0
svc_backup,0.8560416229147713,0.5169068966820277,14,35,6,0.0,-7,0.0
svc_backup,0.8560416229147713,0.5169068966820277,14,36,6,0.0,-8,0.0
staff_02,0.8562670846003281,0.516533328866642,5,10,3,0.0,0,0.0
staff_03,0.8563422022707068,0.5164087844045218,8,12,2,0.0,4,0.0
staff_03,0.8564923832647188,0.5161596627106017,9,13,2,0.0,5,0.0
staff_03,0.8566800075907068,0.5158481991772255,9,14,2,0.0,4,0.0
staff_02,0.8568300255027967,0.5155989792434393,4,8,3,0.0,0,0.0
staff_03,0.8569424913584579,0.515412035661139,9,14,2,0.1,4,0.6931471805599453
staff_02,0.8570549164266801,0.5152250675470443,5,9,3,0.0,1,0.0
staff_02,0.8571298438098307,0.5151004085132677,6,10,3,0.0,2,0.0
staff_03,0.8572047530612673,0.5149757385830636,9,14,2,0.1,4,0.6931471805599453
staff_02,0.8573919468532121,0.5146640161029901,7,11,3,0.0,3,0.0
staff_03,0.8574667926311732,0.5145393080560595,8,14,3,0.1111111111111111,2,0.6931471805599453
staff_02,0.8576164297689877,0.5142898593111621,8,11,3,0.0,5,0.0
staff_03,0.8578033741409826,0.5139779871865578,8,14,2,0.1111111111111111,2,0.6931471805599453
staff_02,0.8579902051007172,0.5136660471076798,7,12,3,0.0,2,0.0
svc_backup,0.8581022492283967,0.5134788504594582,7,19,6,0.0,-5,0.0
svc_backup,0.8581395881950776,0.5134164461452151,8,20,6,0.0,-4,0.0
svc_backup,0.8581395881950776,0.5134164461452151,9,21,6,0.0,-3,0.0
svc_backup,0.8581769226234901,0.5133540391157707,10,22,6,0.0,-2,0.0
svc_backup,0.8581769226234901,0.5133540391157707,11,23,6,0.0,-1,0.0
svc_backup,0.8582142525134367,0.5132916293714549,12,24,6,0.0,0,0.0
staff_02,0.8583635266846151,0.5130419632520813,8,12,3,0.0,4,0.0
staff_02,0.8584381365342768,0.5129171139117492,9,13,3,0.1,5,0.6931471805599453
staff_02,0.8585127282245488,0.512792253721175,9,14,3,0.1,4,0.6931471805599453
svc_backup,0.8586245817076501,0.5126049430968872,7,13,6,0.0,1,0.0
svc_backup,0.8586618571206132,0.5125425007998652,8,14,6,0.0,2,0.0
svc_backup,0.8586618571206132,0.5125425007998652,9,15,6,0.0,3,0.0
svc_backup,0.8586991279925457,0.5124800557922637,10,16,6,0.0,4,0.0
svc_backup,0.8587363943232506,0.5124176080744131,11,17,6,0.0,5,0.0
svc_backup,0.8587363943232506,0.5124176080744131,12,18,6,0.0,6,0.0
staff_02,0.8588481660660288,0.5122302486626684,10,14,3,0.09090909090909091,6,0.6931471805599453
staff_02,0.8589971314672588,0.5119803981902246,11,15,3,0.08333333333333333,7,0.6931471805599453
staff_03,0.8591088078194326,0.5117929819048649,5,14,3,0.16666666666666666,-4,0.6931471805599453
staff_02,0.8591832360042386,0.5116680241809964,11,15,3,0.08333333333333333,7,0.6931471805599453
staff_02,0.8593692269465233,0.5113555825229005,11,16,3,0.08333333333333333,6,0.6931471805599453
staff_02,0.8594435915114138,0.5112305869272319,11,17,3,0.08333333333333333,5,0.6931471805599453
staff_02,0.8595551042695226,0.5110430732572453,12,18,3,0.07692307692307693,6,0.6931471805599453
staff_03,0.8597408679486611,0.5107304964253484,3,11,2,0.0,-5,0.0
svc_backup,0.8599265179593787,0.5104178520685364,13,19,6,0.0,7,0.0
svc_backup,0.8599265179593787,0.5104178520685364,14,20,6,0.0,8,0.0
svc_backup,0.8599636343191515,0.5103553150978216,15,21,6,0.0,9,0.0
svc_backup,0.8599636343191515,0.5103553150978216,16,22,6,0.0,10,0.0
svc_backup,0.8600007461310091,0.5102927754280944,17,23,6,0.0,11,0.0
svc_backup,0.8600007461310091,0.5102927754280944,18,24,6,0.0,12,0.0
staff_02,0.8601862369647046,0.5099800366058469,11,17,3,0.08333333333333333,5,0.6931471805599453
staff_03,0.8603716140710959,0.5096672303579045,3,10,2,0.0,-4,0.0
staff_03,0.8605568774256735,0.509354356725624,4,11,2,0.2,-3,0.6931471805599453
staff_03,0.8607420270039436,0.5090414157503712,5,12,2,0.16666666666666666,-2,0.6931471805599453
staff_02,0.8608160549724017,0.5089162205135056,8,17,3,0.0,-1,0.0
staff_03,0.8609270627814272,0.5087284074735208,6,12,2,0.14285714285714285,0,0.6931471805599453
staff_02,0.8610380296133618,0.5085405702198591,9,18,3,0.0,0,0.0
staff_03,0.8612228832587077,0.508227454346534,7,11,2,0.125,3,0.6931471805599453
staff_02,0.8612967928361929,0.5081021891805705,8,19,3,0.0,-3,0.0
staff_03,0.8613706841938166,0.5079769132662196,7,12,2,0.125,2,0.6931471805599453
staff_03,0.8615184122432271,0.5077263292029566,8,12,2,0.1111111111111111,4,0.6931471805599453
staff_03,0.8616291604415257,0.5075383629607042,9,13,3,0.1,5,0.6931471805599453
svc_backup,0.8617767609108898,0.5072877037283036,7,19,6,0.0,-5,0.0
svc_backup,0.8617767609108898,0.5072877037283036,8,20,6,0.0,-4,0.0
svc_backup,0.8618136496349593,0.5072250322124013,9,21,6,0.0,-3,0.0
svc_backup,0.8618136496349593,0.5072250322124013,10,22,6,0.0,-2,0.0
svc_backup,0.86185053380133,0.5071623580140412,11,23,6,0.0,-1,0.0
svc_backup,0.8618874134098069,0.5070996811335544,12,24,6,0.0,0,0.0
staff_02,0.8620348862608758,0.5068489467969712,5,16,3,0.16666666666666666,-6,0.6931471805599453
staff_03,0.8621085953339772,0.5067235635445392,9,12,3,0.1,6,0.6931471805599453
staff_03,0.862255958767518,0.5064727648846562,10,13,3,0.09090909090909091,7,0.6931471805599453
svc_backup,0.8623664334629573,0.5062846377645472,7,25,6,0.0,-11,0.0
svc_backup,0.8624032492404524,0.5062219233690992,8,26,6,0.0,-10,0.0
svc_backup,0.8624032492404524,0.5062219233690992,9,27,6,0.0,-9,0.0
svc_backup,0.8624400604571305,0.5061592062964982,10,28,6,0.0,-8,0.0
svc_backup,0.8624400604571305,0.5061592062964982,11,29,6,0.0,-7,0.0
svc_backup,0.862476867112797,0.506096486547076,12,30,6,0.0,-6,0.0
staff_03,0.8626240481214552,0.5058455807878066,10,13,3,0.09090909090909091,7,0.6931471805599453
svc_backup,0.8627343859777917,0.5056573733779848,13,25,6,0.0,1,0.0
svc_backup,0.8627711561383605,0.5055946322259334,14,26,6,0.0,2,0.0
svc_backup,0.8627711561383605,0.5055946322259334,15,27,6,0.0,3,0.0
svc_backup,0.8628079217361667,0.5055318884000464,16,28,6,0.0,4,0.0
svc_backup,0.8628079217361667,0.5055318884000464,17,29,6,0.0,5,0.0
svc_backup,0.8628446827710158,0.5054691419006557,18,30,6,0.0,6,0.0
staff_03,0.8629916812769545,0.5052181291746918,9,14,3,0.0,4,0.0
staff_03,0.8630651531471283,0.5050926067793152,10,15,3,0.0,5,0.0
staff_02,0.8631386067600327,0.5049670736992162,4,12,2,0.4,-4,1.0986122886681096
staff_03,0.8632120421141141,0.5048415299370497,10,16,3,0.0,4,0.0
staff_02,0.863322160906544,0.5046531942707341,4,12,2,0.4,-4,1.0986122886681096
svc_backup,0.8633955506067716,0.5045276238150193,19,25,6,0.0,13,0.0
svc_backup,0.8634322386078854,0.5044648345847068,20,26,6,0.0,14,0.0
svc_backup,0.8634322386078854,0.5044648345847068,21,27,6,0.0,15,0.0
svc_backup,0.8634689220427406,0.5044020426865334,22,28,6,0.0,16,0.0
svc_backup,0.863505600911143,0.5043392481208316,23,29,6,0.0,17,0.0
svc_backup,0.863505600911143,0.5043392481208316,24,30,6,0.0,18,0.0
staff_02,0.8636889267495765,0.5040252352910166,4,11,2,0.6,-3,1.3862943611198906
staff_02,0.8637622251129936,0.5038996114980147,5,12,2,0.5,-2,1.3862943611198906
staff_02,0.8638721383976066,0.5037111558228053,6,12,3,0.42857142857142855,0,1.3862943611198906
staff_03,0.8640186254826618,0.5034598442964957,7,16,3,0.0,-2,0.0
staff_03,0.8641650394579609,0.5032084901694535,8,17,3,0.0,-1,0.0
staff_03,0.8643479540976168,0.5028942376357719,8,17,3,0.1111111111111111,-1,0.6931471805599453
staff_03,0.8645307544597377,0.5025799186132259,8,18,3,0.1111111111111111,-2,0.6931471805599453
staff_03,0.8646403798137386,0.5023912953023307,9,19,3,0.1,-1,0.6931471805599453
staff_03,0.8647134405201551,0.5022655331433725,10,20,3,0.09090909090909091,0,0.6931471805599453
staff_02,0.8648960122547157,0.5019510812677773,6,10,3,0.2857142857142857,2,1.0986122886681096
svc_backup,0.8650055004089984,0.501762378284959,10,25,6,0.0,-5,0.0
svc_backup,0.8650055004089984,0.501762378284959,10,26,6,0.0,-6,0.0
svc_backup,0.8650419873115257,0.5016994719831048,10,27,6,0.0,-7,0.0
svc_backup,0.8650419873115257,0.5016994719831048,10,28,6,0.0,-8,0.0
svc_backup,0.8650784696392811,0.5016365630280147,11,29,6,0.0,-7,0.0
svc_backup,0.8650784696392811,0.5016365630280147,12,30,6,0.0,-6,0.0
staff_03,0.8651878891719867,0.5014478202466554,10,18,3,0.09090909090909091,2,0.6931471805599453
staff_02,0.8653701635463902,0.5011331959107218,6,10,3,0.14285714285714285,2,0.6931471805599453
staff_03,0.8655523235081098,0.5008185053187556,8,18,3,0.1111111111111111,-2,0.6931471805599453
staff_03,0.8656979690841683,0.5005667051687981,9,18,3,0.2,0,1.0986122886681096
staff_03,0.8657707644035217,0.5004407892090148,10,18,3,0.18181818181818182,2,1.0986122886681096
staff_03,0.8659526725725833,0.500125953000242,11,18,3,0.25,4,1.3862943611198906
staff_02,0.8660617625205035,0.4999370195333398,3,9,2,0.0,-3,0.0
staff_03,0.8662434874945092,0.4996220775479704,11,18,3,0.25,4,1.3862943611198906
svc_backup,0.8664250979403666,0.49930706950635706,7,25,6,0.0,-11,0.0
svc_backup,0.8664614062840471,0.49924405997494997,8,26,6,0.0,-10,0.0
svc_backup,0.8664614062840471,0.49924405997494997,9,27,6,0.0,-9,0.0
svc_backup,0.8664977100454492,0.4991810478032923,10,28,6,0.0,-8,0.0
svc_backup,0.8664977100454492,0.4991810478032923,11,29,6,0.0,-7,0.0
svc_backup,0.8665340092243808,0.499118032991717,12,30,6,0.0,-6,0.0
svc_backup,0.866606593834065,0.4989919954501474,13,31,6,0.0,-5,0.0
svc_backup,0.8666428792644336,0.4989289727208196,14,32,6,0.0,-4,0.0
svc_backup,0.8666428792644336,0.4989289727208196,15,33,6,0.0,-3,0.0
svc_backup,0.8666791601115641,0.4988659473529075,16,34,6,0.0,-2,0.0
svc_backup,0.8666791601115641,0.4988659473529075,17,35,6,0.0,-1,0.0
svc_backup,0.8667154363752646,0.49880291934674426,18,36,6,0.0,0,0.0
staff_02,0.8668967489356028,0.4984877397538303,4,9,3,0.0,-1,0.0
staff_03,0.8670417164625709,0.498235548624984,7,16,3,0.25,-2,1.0986122886681096
staff_03,0.8671141727147373,0.49810943724972395,8,17,3,0.2222222222222222,-1,1.0986122886681096
staff_02,0.8672952330915157,0.4977941127180327,4,10,3,0.0,-2,0.0
svc_backup,0.8673676251367507,0.497667964474943,13,25,6,0.0,1,0.0
svc_backup,0.8674038142788575,0.49760488640535805,14,26,6,0.0,2,0.0
svc_backup,0.8674038142788575,0.49760488640535805,15,27,6,0.0,3,0.0
svc_backup,0.8674399988337018,0.49754180570419143,16,28,6,0.0,4,0.0
svc_backup,0.8674399988337018,0.49754180570419143,17,29,6,0.0,5,0.0
svc_backup,0.8674761788010924,0.49747872237177654,18,30,6,0.0,6,0.0
staff_03,0.8675485249727473,0.4973525478145362,8,16,3,0.2222222222222222,0,1.0986122886681096
staff_03,0.8677293101080537,0.49703706539794523,8,16,3,0.2222222222222222,0,1.0986122886681096
staff_03,0.8678015920406283,0.4969108540289202,9,17,3,0.2,1,1.0986122886681096
staff_02,0.8678738556157392,0.49678463214824914,4,9,2,0.0,-1,0.0
staff_03,0.867946100831857,0.49665839975860265,8,18,3,0.1111111111111111,-2,0.6931471805599453
staff_02,0.8680905361810025,0.49640590346306274,5,9,2,0.0,1,0.0
svc_backup,0.8681627263109746,0.49627963956251103,19,25,6,0.0,13,0.0
svc_backup,0.8681988144891423,0.49621650367520814,20,26,6,0.0,14,0.0
svc_backup,0.8681988144891423,0.49621650367520814,21,27,6,0.0,15,0.0
svc_backup,0.8682348980758432,0.49615336516366604,22,28,6,0.0,16,0.0
svc_backup,0.8682348980758432,0.49615336516366604,23,29,6,0.0,17,0.0
svc_backup,0.8682709770708866,0.4960902240282184,24,30,6,0.0,18,0.0
staff_02,0.8684513031645633,0.4957744790040849,5,8,2,0.0,2,0.0
staff_03,0.868523401453755,0.49564816263878114,7,17,3,0.0,-3,0.0
svc_backup,0.8687035667926911,0.4953323258597771,19,31,6,0.0,7,0.0
svc_backup,0.8687035667926911,0.4953323258597771,20,32,6,0.0,8,0.0
svc_backup,0.8687395860788322,0.49526915064394966,21,33,6,0.0,9,0.0
svc_backup,0.8687395860788322,0.49526915064394966,22,34,6,0.0,10,0.0
svc_backup,0.8687756007706467,0.49520597280889267,23,35,6,0.0,11,0.0
svc_backup,0.8687756007706467,0.49520597280889267,23,36,6,0.0,10,0.0
staff_03,0.8689556053081553,0.49489004435686257,8,16,3,0.0,0,0.0
staff_02,0.86913549495894,0.4945740504742219,5,9,2,0.0,1,0.0
staff_02,0.8693152696992174,0.4942579912027492,6,9,3,0.0,3,0.0
svc_backup,0.8694230793764519,0.4940683242706091,19,33,6,0.0,5,0.0
svc_backup,0.8694230793764519,0.4940683242706091,20,33,6,0.0,7,0.0
svc_backup,0.8694590067399012,0.4940050967336922,21,33,6,0.0,9,0.0
svc_backup,0.8694590067399012,0.4940050967336922,22,34,6,0.0,10,0.0
svc_backup,0.869494929505219,0.49394186658423106,23,35,6,0.0,11,0.0
svc_backup,0.869494929505219,0.49394186658423106,24,36,6,0.0,12,0.0
staff_02,0.8696026702104855,0.49375216046392506,6,10,3,0.0,2,0.0
staff_03,0.8696744743531915,0.4936256766604632,7,14,3,0.0,0,0.0
staff_03,0.8697821460722452,0.49343593137707287,7,15,3,0.0,-1,0.0
staff_03,0.8699615069380023,0.49311963705186196,7,15,3,0.0,-1,0.0
svc_backup,0.8701049128175499,0.4928665546481764,19,37,6,0.0,1,0.0
svc_backup,0.8701049128175499,0.4928665546481764,20,38,6,0.0,2,0.0
svc_backup,0.8701407527840429,0.49280327753011044,21,39,6,0.0,3,0.0
svc_backup,0.8701407527840429,0.49280327753011044,22,40,6,0.0,4,0.0
svc_backup,0.8701765881487993,0.4927399978058559,23,41,6,0.0,5,0.0
svc_backup,0.8701765881487993,0.4927399978058559,24,42,6,0.0,6,0.0
staff_03,0.8702840666307537,0.49255014299930694,6,13,3,0.0,-1,0.0
staff_02,0.8703556959398996,0.49242356010346733,5,10,3,0.0,0,0.0
svc_backup,0.8704273068375521,0.49229696679090545,19,43,6,0.0,-5,0.0
svc_backup,0.8704631053815949,0.4922336662291909,20,44,6,0.0,-4,0.0
svc_backup,0.8704631053815949,0.4922336662291909,21,45,6,0.0,-3,0.0
svc_backup,0.8704988993221962,0.4921703630643002,22,46,6,0.0,-2,0.0
svc_backup,0.8704988993221962,0.4921703630643002,23,47,6,0.0,-1,0.0
svc_backup,0.8705346886591667,0.492107057296568,24,48,6,0.0,0,0.0
staff_03,0.8706420290464019,0.49191712437967056,7,13,3,0.0,1,0.0
staff_03,0.870820837601519,0.4916005174925967,7,14,2,0.0,0,0.0
staff_02,0.8708923287875566,0.4914738565366283,5,10,3,0.0,0,0.0
staff_03,0.8709995310233055,0.49128384560982846,8,15,2,0.1111111111111111,1,0.6931471805599453
staff_03,0.87110669180255,0.491093811299651,8,16,2,0.1111111111111111,0,0.6931471805599453
staff_02,0.8712852009618729,0.4907770355108609,5,10,3,0.0,0,0.0
staff_02,0.8713565723724002,0.49065030702468965,6,11,3,0.14285714285714285,1,0.6931471805599453
staff_03,0.8715349202525028,0.4903334404060809,9,15,2,0.2,3,1.0986122886681096
svc_backup,0.8717131529048643,0.49001650895930104,13,34,6,0.0,-8,0.0
svc_backup,0.8717487856059336,0.48995311489425186,14,34,6,0.0,-6,0.0
svc_backup,0.8717487856059336,0.48995311489425186,15,34,6,0.0,-4,0.0
svc_backup,0.8717844136967624,0.489889718238087,16,35,6,0.0,-3,0.0
svc_backup,0.8717844136967624,0.489889718238087,17,35,6,0.0,-1,0.0
svc_backup,0.8718200371771618,0.4898263189911421,18,36,6,0.0,0,0.0
staff_03,0.8719268799539018,0.4896361057089787,8,15,3,0.2222222222222222,1,1.0986122886681096
svc_backup,0.8720692724321206,0.48938245174884626,19,37,6,0.0,1,0.0
svc_backup,0.8721048590223068,0.48931903178773084,20,38,6,0.0,2,0.0
svc_backup,0.8721048590223068,0.48931903178773084,21,39,6,0.0,3,0.0
svc_backup,0.8721404410003692,0.48925560923885314,22,40,6,0.0,4,0.0
svc_backup,0.8721404410003692,0.48925560923885314,23,41,6,0.0,5,0.0
svc_backup,0.8721760183661197,0.48919218410254883,24,42,6,0.0,6,0.0
staff_02,0.8722827227876176,0.48900189317242954,5,10,3,0.16666666666666666,0,0.6931471805599453
staff_02,0.8724604712263185,0.4886846899050044,6,10,3,0.14285714285714285,2,0.6931471805599453
staff_02,0.8725670649229892,0.48849433692897604,6,11,3,0.14285714285714285,1,0.6931471805599453
staff_03,0.8726381043149087,0.4883674220273936,7,13,3,0.25,1,1.0986122886681096
staff_02,0.8727446287902393,0.4881770303053877,7,12,3,0.125,2,0.6931471805599453
staff_03,0.8728511117260049,0.48798661534787735,7,13,3,0.25,1,1.0986122886681096
staff_03,0.8729220772698096,0.48785965913873275,8,14,3,0.2222222222222222,2,1.0986122886681096
staff_03,0.8730284909617052,0.48766920547552295,8,15,3,0.2222222222222222,1,1.0986122886681096
svc_backup,0.8732057547721958,0.4873517311272424,13,31,6,0.0,-5,0.0
svc_backup,0.8732057547721958,0.4873517311272424,14,32,6,0.0,-4,0.0
svc_backup,0.8732411936812059,0.4872882285241688,15,33,6,0.0,-3,0.0
svc_backup,0.8732411936812059,0.4872882285241688,16,34,6,0.0,-2,0.0
svc_backup,0.8732766279720829,0.48722472334407274,17,35,6,0.0,-1,0.0
svc_backup,0.8732766279720829,0.48722472334407274,18,36,6,0.0,0,0.0
staff_02,0.87345373014791,0.4869071588000142,6,11,3,0.14285714285714285,1,0.6931471805599453
svc_backup,0.8735599360238168,0.48671658917080807,19,37,6,0.0,1,0.0
svc_backup,0.8735599360238168,0.48671658917080807,20,38,6,0.0,2,0.0
svc_backup,0.8735953287430639,0.4866530608126267,21,39,6,0.0,3,0.0
svc_backup,0.8735953287430639,0.4866530608126267,22,40,6,0.0,4,0.0
svc_backup,0.8736307168423049,0.486589529880782,23,41,6,0.0,5,0.0
svc_backup,0.8736307168423049,0.486589529880782,24,42,6,0.0,6,0.0
svc_backup,0.8737722230354651,0.48633538042349067,25,38,6,0.0,12,0.0
svc_backup,0.8737722230354651,0.48633538042349067,26,38,6,0.0,14,0.0
svc_backup,0.8738075880318688,0.4862718366283698,27,39,6,0.0,15,0.0
svc_backup,0.8738075880318688,0.4862718366283698,28,40,6,0.0,16,0.0
svc_backup,0.8738429484071435,0.48620829026160206,29,41,6,0.0,17,0.0
svc_backup,0.8738429484071435,0.48620829026160206,29,42,6,0.0,16,0.0
staff_03,0.8739843436932163,0.4859540790847814,6,14,3,0.0,-2,0.0
staff_03,0.8740903416267588,0.4857633937163401,6,14,3,0.0,-2,0.0
staff_03,0.8741962979566852,0.4855726852272752,7,15,3,0.0,-1,0.0
staff_03,0.8742669123943588,0.4854455333942567,8,15,3,0.0,1,0.0
staff_02,0.8743727993737188,0.4852547863909911,6,10,3,0.0,2,0.0
staff_02,0.8744786447360188,0.48506401629130963,6,11,3,0.0,1,0.0
staff_02,0.8745844484762206,0.4848732231042925,7,12,3,0.0,2,0.0
staff_02,0.8747254553756337,0.484618796290332,6,12,3,0.0,0,0.0
staff_02,0.8748311619780264,0.48442794926818183,7,13,3,0.0,1,0.0
svc_backup,0.8750072471153599,0.48410981966450484,19,31,6,0.0,7,0.0
svc_backup,0.8750424502611523,0.48404618606178346,20,32,6,0.0,8,0.0
svc_backup,0.8750424502611523,0.48404618606178346,21,33,6,0.0,9,0.0
svc_backup,0.8750776487792854,0.4839825498991855,22,34,6,0.0,10,0.0
svc_backup,0.8750776487792854,0.4839825498991855,23,35,6,0.0,11,0.0
svc_backup,0.8751128426695731,0.48391891117704716,24,36,6,0.0,12,0.0
staff_03,0.8751832165658678,0.4837916260554965,5,13,3,0.0,-3,0.0
staff_03,0.8752887426968171,0.4836006791850329,6,13,3,0.0,-1,0.0
staff_03,0.8754645270000179,0.48328238325500233,7,13,3,0.0,1,0.0
staff_02,0.8755699420247287,0.4830913750242423,6,12,2,0.0,0,0.0
staff_02,0.8756401955559346,0.4829640234290382,7,12,2,0.0,2,0.0
staff_03,0.8757455411211257,0.4827729768809214,8,14,3,0.0,2,0.0
staff_02,0.8759210244330853,0.4824545149090166,8,13,2,0.0,3,0.0
staff_03,0.8760963919374061,0.48213598915063266,8,14,3,0.0,2,0.0
staff_02,0.8761665065078014,0.48200856099649814,9,14,2,0.0,4,0.0
staff_02,0.8762716436109025,0.48181739964788267,10,15,2,0.0,5,0.0
staff_03,0.8763417118424796,0.4816899460077951,7,14,3,0.0,0,0.0
staff_02,0.8764467794304039,0.4814987464428883,11,16,2,0.08333333333333333,6,0.6931471805599453
staff_02,0.8765168013138988,0.4813712673336988,11,16,2,0.08333333333333333,6,0.6931471805599453
staff_02,0.8766917748989104,0.481052525016342,11,17,2,0.08333333333333333,5,0.6931471805599453
staff_03,0.8768666325743805,0.48073371909786655,7,14,3,0.0,0,0.0
staff_03,0.8770064352443507,0.48047862859860524,8,15,3,0.0,1,0.0
staff_03,0.8770763087518003,0.4803510681015674,9,15,3,0.0,3,0.0
svc_backup,0.8772509113449242,0.48003212240901133,1,25,1,0.0,-23,0.0
svc_backup,0.8772509113449242,0.48003212240901133,2,26,2,0.0,-22,0.0
svc_backup,0.8772858179462715,0.4799683256532054,3,27,3,0.0,-21,0.0
svc_backup,0.8772858179462715,0.4799683256532054,4,28,4,0.0,-20,0.0
svc_backup,0.8773207199080955,0.47990452635908865,5,29,5,0.0,-19,0.0
svc_backup,0.8773207199080955,0.47990452635908865,6,30,6,0.0,-18,0.0
staff_02,0.8774253979545819,0.47971311325024635,9,15,2,0.1,3,0.6931471805599453
staff_02,0.8775300342387152,0.4795216773087525,10,16,2,0.09090909090909091,4,0.6931471805599453
staff_03,0.877599768557704,0.4793940406674496,7,14,3,0.0,0,0.0
staff_03,0.8777740231312368,0.47907490470280645,8,15,3,0.0,1,0.0
staff_03,0.8779481616521413,0.4787557053985108,8,16,3,0.0,0,0.0
staff_02,0.8780525890498443,0.4785641554304556,8,16,2,0.1111111111111111,0,0.6931471805599453
staff_03,0.8781569746553419,0.47837258268443555,9,17,3,0.0,1,0.0
staff_02,0.8782265418386619,0.4782448548704994,9,17,2,0.1,1,0.6931471805599453
staff_02,0.8784003785150228,0.4779254910806334,8,18,1,0.1111111111111111,-2,0.6931471805599453
staff_03,0.8785046247772983,0.47773384247392214,8,14,3,0.0,2,0.0
staff_03,0.8785740990559435,0.4776060641030819,9,15,3,0.0,3,0.0
staff_03,0.8786782756259296,0.4774143776040296,10,16,3,0.0,4,0.0
svc_backup,0.8788518103023792,0.4770948496140267,7,13,6,0.0,1,0.0
svc_backup,0.8788518103023792,0.4770948496140267,8,14,6,0.0,2,0.0
svc_backup,0.8788865032949881,0.47703093644533046,9,15,6,0.0,3,0.0
svc_backup,0.8788865032949881,0.47703093644533046,10,16,6,0.0,4,0.0
svc_backup,0.8789211916396084,0.47696702075385755,11,17,6,0.0,5,0.0
svc_backup,0.8789211916396084,0.47696702075385755,12,18,6,0.0,6,0.0
staff_03,0.879059898534536,0.47671133276696004,10,17,3,0.0,3,0.0
staff_03,0.8791638798928656,0.47651954030419674,9,18,3,0.0,0,0.0
